{
  "vqc_available": true,
  "vqc_accuracy": 0.8125,
  "vqc_roc_auc": 0.776,
  "vqc_precision": 0.9636,
  "vqc_recall": 0.803,
  "pca_variance": 0.7893,
  "train_samples": 250,
  "val_samples": 80,
  "architecture": "6q \u00d7 3L StronglyEntanglingLayers",
  "epochs": 60,
  "mibig_bgcs_used": 2636,
  "training_time_s": 392.48,
  "weights_path": "pipeline_vqc_run1\\vqc_work\\qml_model_weights.npy",
  "fallback_reason": null,
  "candidates": [
    {
      "region_id": "AB212624.1",
      "predicted_type": "Terpene",
      "confidence_score": 0.6,
      "confidence_level": "medium",
      "completeness": "partial",
      "quantum_score": 0.4844,
      "final_score": 0.5538
    }
  ],
  "train_losses": [
    0.69915,
    0.670215,
    0.663128,
    0.659128,
    0.650504,
    0.640791,
    0.635575,
    0.631398,
    0.627827,
    0.627704,
    0.625056,
    0.625904,
    0.626342,
    0.624731,
    0.630318,
    0.625578,
    0.624014,
    0.624229,
    0.626281,
    0.62483,
    0.623073,
    0.624282,
    0.626875,
    0.624197,
    0.626604,
    0.623172,
    0.625835,
    0.621926,
    0.621183,
    0.622028,
    0.621894,
    0.621449,
    0.623733,
    0.62251,
    0.623109,
    0.621504,
    0.622275,
    0.621541,
    0.622298,
    0.62274,
    0.623567,
    0.621741,
    0.628449,
    0.619635,
    0.626175,
    0.622221,
    0.621774,
    0.620815,
    0.621324,
    0.625321,
    0.621791,
    0.622114,
    0.621867,
    0.621107,
    0.622619,
    0.62548,
    0.62237,
    0.622858,
    0.622838,
    0.620891
  ],
  "val_losses": [
    0.630296,
    0.665772,
    0.628819,
    0.631405,
    0.650217,
    0.682613,
    0.674441,
    0.620329,
    0.687276,
    0.65562,
    0.638291,
    0.653672,
    0.630667,
    0.639638,
    0.635152,
    0.611342,
    0.660973,
    0.645626,
    0.647808,
    0.656056,
    0.647292,
    0.643838,
    0.643814,
    0.660969,
    0.619163,
    0.662472,
    0.691682,
    0.630551,
    0.669249,
    0.632258,
    0.630064,
    0.652051,
    0.629226,
    0.642232,
    0.622785,
    0.637946,
    0.629496,
    0.661412,
    0.650837,
    0.661736,
    0.646565,
    0.63482,
    0.690437,
    0.628556,
    0.658773,
    0.653248,
    0.661017,
    0.640345,
    0.664874,
    0.678943,
    0.648893,
    0.653777,
    0.641904,
    0.660583,
    0.646156,
    0.692577,
    0.643489,
    0.65903,
    0.641479,
    0.651643
  ]
}